file,line,column,type,code,message,docs,severity,link
includes/class-talkwyn-frontend.php,225,44,ERROR,PluginCheck.CodeAnalysis.EnqueuedResourceOffloading.OffloadedContent,"Found call to wp_enqueue_script() with external resource. Offloading scripts to your servers or any remote service is disallowed.",,5,https://talkwyn.com/wp-admin/plugin-editor.php?plugin=talkwyn%2Ftalkwyn.php&file=talkwyn%2Fincludes%2Fclass-talkwyn-frontend.php&line=225
includes/class-talkwyn-frontend.php,321,37,ERROR,WordPress.WP.I18n.MissingTranslatorsComment,"A function call to __() with texts containing placeholders was found, but was not accompanied by a ""translators:"" comment on the line above to clarify the meaning of the placeholders.",https://developer.wordpress.org/plugins/internationalization/how-to-internationalize-your-plugin/#descriptions,5,https://talkwyn.com/wp-admin/plugin-editor.php?plugin=talkwyn%2Ftalkwyn.php&file=talkwyn%2Fincludes%2Fclass-talkwyn-frontend.php&line=321
includes/class-talkwyn-providers.php,50,22,WARNING,PluginCheck.CodeAnalysis.AIProvider.DirectIntegration,"Direct integration with a third-party AI provider (openrouter.ai) detected. Consider the WordPress AI Client (wp_ai_client_prompt()) introduced in WordPress 7.0.",,5,https://talkwyn.com/wp-admin/plugin-editor.php?plugin=talkwyn%2Ftalkwyn.php&file=talkwyn%2Fincludes%2Fclass-talkwyn-providers.php&line=50
includes/class-talkwyn-providers.php,76,22,ERROR,PluginCheck.CodeAnalysis.Offloading.OffloadedContent,"Offloading images, js, css, and other scripts to your servers or any remote service is disallowed.",,5,https://talkwyn.com/wp-admin/plugin-editor.php?plugin=talkwyn%2Ftalkwyn.php&file=talkwyn%2Fincludes%2Fclass-talkwyn-providers.php&line=76
includes/class-talkwyn-providers.php,262,35,WARNING,PluginCheck.CodeAnalysis.AIProvider.DirectIntegration,"Direct integration with a third-party AI provider (api.groq.com) detected. Consider the WordPress AI Client (wp_ai_client_prompt()) introduced in WordPress 7.0.",,5,https://talkwyn.com/wp-admin/plugin-editor.php?plugin=talkwyn%2Ftalkwyn.php&file=talkwyn%2Fincludes%2Fclass-talkwyn-providers.php&line=262
includes/class-talkwyn-providers.php,278,35,WARNING,PluginCheck.CodeAnalysis.AIProvider.DirectIntegration,"Direct integration with a third-party AI provider (openrouter.ai) detected. Consider the WordPress AI Client (wp_ai_client_prompt()) introduced in WordPress 7.0.",,5,https://talkwyn.com/wp-admin/plugin-editor.php?plugin=talkwyn%2Ftalkwyn.php&file=talkwyn%2Fincludes%2Fclass-talkwyn-providers.php&line=278
includes/class-talkwyn-providers.php,317,4,WARNING,PluginCheck.CodeAnalysis.AIProvider.DirectIntegration,"Direct integration with a third-party AI provider (generativelanguage.googleapis.com) detected. Consider the WordPress AI Client (wp_ai_client_prompt()) introduced in WordPress 7.0.",,5,https://talkwyn.com/wp-admin/plugin-editor.php?plugin=talkwyn%2Ftalkwyn.php&file=talkwyn%2Fincludes%2Fclass-talkwyn-providers.php&line=317
includes/class-talkwyn-providers.php,431,27,WARNING,PluginCheck.CodeAnalysis.AIProvider.DirectIntegration,"Direct integration with a third-party AI provider (api.groq.com) detected. Consider the WordPress AI Client (wp_ai_client_prompt()) introduced in WordPress 7.0.",,5,https://talkwyn.com/wp-admin/plugin-editor.php?plugin=talkwyn%2Ftalkwyn.php&file=talkwyn%2Fincludes%2Fclass-talkwyn-providers.php&line=431
includes/class-talkwyn-providers.php,449,27,WARNING,PluginCheck.CodeAnalysis.AIProvider.DirectIntegration,"Direct integration with a third-party AI provider (openrouter.ai) detected. Consider the WordPress AI Client (wp_ai_client_prompt()) introduced in WordPress 7.0.",,5,https://talkwyn.com/wp-admin/plugin-editor.php?plugin=talkwyn%2Ftalkwyn.php&file=talkwyn%2Fincludes%2Fclass-talkwyn-providers.php&line=449
includes/class-talkwyn-providers.php,468,27,WARNING,PluginCheck.CodeAnalysis.AIProvider.DirectIntegration,"Direct integration with a third-party AI provider (generativelanguage.googleapis.com) detected. Consider the WordPress AI Client (wp_ai_client_prompt()) introduced in WordPress 7.0.",,5,https://talkwyn.com/wp-admin/plugin-editor.php?plugin=talkwyn%2Ftalkwyn.php&file=talkwyn%2Fincludes%2Fclass-talkwyn-providers.php&line=468
includes/class-talkwyn-providers.php,527,34,ERROR,WordPress.Security.EscapeOutput.ExceptionNotEscaped,"All output should be run through an escaping function (see the Security sections in the WordPress Developer Handbooks), found '$res'.",https://developer.wordpress.org/apis/security/escaping/,5,https://talkwyn.com/wp-admin/plugin-editor.php?plugin=talkwyn%2Ftalkwyn.php&file=talkwyn%2Fincludes%2Fclass-talkwyn-providers.php&line=527
includes/class-talkwyn-providers.php,543,44,ERROR,WordPress.Security.EscapeOutput.ExceptionNotEscaped,"All output should be run through an escaping function (see the Security sections in the WordPress Developer Handbooks), found '$code'.",https://developer.wordpress.org/apis/security/escaping/,5,https://talkwyn.com/wp-admin/plugin-editor.php?plugin=talkwyn%2Ftalkwyn.php&file=talkwyn%2Fincludes%2Fclass-talkwyn-providers.php&line=543
includes/class-talkwyn-providers.php,543,59,ERROR,WordPress.Security.EscapeOutput.ExceptionNotEscaped,"All output should be run through an escaping function (see the Security sections in the WordPress Developer Handbooks), found '$msg'.",https://developer.wordpress.org/apis/security/escaping/,5,https://talkwyn.com/wp-admin/plugin-editor.php?plugin=talkwyn%2Ftalkwyn.php&file=talkwyn%2Fincludes%2Fclass-talkwyn-providers.php&line=543
includes/admin/class-talkwyn-admin.php,255,205,ERROR,WordPress.Security.EscapeOutput.OutputNotEscaped,"All output should be run through an escaping function (see the Security sections in the WordPress Developer Handbooks), found 'self'.",https://developer.wordpress.org/apis/security/escaping/#escaping-functions,5,https://talkwyn.com/wp-admin/plugin-editor.php?plugin=talkwyn%2Ftalkwyn.php&file=talkwyn%2Fincludes%2Fadmin%2Fclass-talkwyn-admin.php&line=255
includes/admin/class-talkwyn-admin.php,610,23,WARNING,PluginCheck.Security.DirectDB.UnescapedDBParameter,"Unescaped parameter $t[&#039;logs&#039;] used in $wpdb-&gt;get_var()",,5,https://talkwyn.com/wp-admin/plugin-editor.php?plugin=talkwyn%2Ftalkwyn.php&file=talkwyn%2Fincludes%2Fadmin%2Fclass-talkwyn-admin.php&line=610
includes/admin/class-talkwyn-admin.php,653,25,WARNING,PluginCheck.Security.DirectDB.UnescapedDBParameter,"Unescaped parameter $t[&#039;logs&#039;] used in $wpdb-&gt;get_var()",,5,https://talkwyn.com/wp-admin/plugin-editor.php?plugin=talkwyn%2Ftalkwyn.php&file=talkwyn%2Fincludes%2Fadmin%2Fclass-talkwyn-admin.php&line=653
includes/admin/class-talkwyn-admin.php,654,25,WARNING,PluginCheck.Security.DirectDB.UnescapedDBParameter,"Unescaped parameter $t[&#039;logs&#039;] used in $wpdb-&gt;get_var()",,5,https://talkwyn.com/wp-admin/plugin-editor.php?plugin=talkwyn%2Ftalkwyn.php&file=talkwyn%2Fincludes%2Fadmin%2Fclass-talkwyn-admin.php&line=654
includes/admin/class-talkwyn-admin.php,655,25,WARNING,PluginCheck.Security.DirectDB.UnescapedDBParameter,"Unescaped parameter $t[&#039;leads&#039;] used in $wpdb-&gt;get_var()",,5,https://talkwyn.com/wp-admin/plugin-editor.php?plugin=talkwyn%2Ftalkwyn.php&file=talkwyn%2Fincludes%2Fadmin%2Fclass-talkwyn-admin.php&line=655
includes/admin/class-talkwyn-admin.php,656,25,WARNING,PluginCheck.Security.DirectDB.UnescapedDBParameter,"Unescaped parameter $t[&#039;leads&#039;] used in $wpdb-&gt;get_var()",,5,https://talkwyn.com/wp-admin/plugin-editor.php?plugin=talkwyn%2Ftalkwyn.php&file=talkwyn%2Fincludes%2Fadmin%2Fclass-talkwyn-admin.php&line=656
includes/admin/class-talkwyn-admin.php,657,27,WARNING,PluginCheck.Security.DirectDB.UnescapedDBParameter,"Unescaped parameter $t[&#039;logs&#039;] used in $wpdb-&gt;get_col()",,5,https://talkwyn.com/wp-admin/plugin-editor.php?plugin=talkwyn%2Ftalkwyn.php&file=talkwyn%2Fincludes%2Fadmin%2Fclass-talkwyn-admin.php&line=657
includes/admin/class-talkwyn-admin.php,717,26,WARNING,PluginCheck.Security.DirectDB.UnescapedDBParameter,"Unescaped parameter $t[&#039;leads&#039;] used in $wpdb-&gt;get_var()",,5,https://talkwyn.com/wp-admin/plugin-editor.php?plugin=talkwyn%2Ftalkwyn.php&file=talkwyn%2Fincludes%2Fadmin%2Fclass-talkwyn-admin.php&line=717
includes/admin/class-talkwyn-admin.php,718,26,WARNING,PluginCheck.Security.DirectDB.UnescapedDBParameter,"Unescaped parameter $t[&#039;logs&#039;] used in $wpdb-&gt;get_var()",,5,https://talkwyn.com/wp-admin/plugin-editor.php?plugin=talkwyn%2Ftalkwyn.php&file=talkwyn%2Fincludes%2Fadmin%2Fclass-talkwyn-admin.php&line=718
includes/admin/class-talkwyn-admin.php,791,27,WARNING,PluginCheck.Security.DirectDB.UnescapedDBParameter,"Unescaped parameter $t[&#039;chunks&#039;] used in $wpdb-&gt;get_results()",,5,https://talkwyn.com/wp-admin/plugin-editor.php?plugin=talkwyn%2Ftalkwyn.php&file=talkwyn%2Fincludes%2Fadmin%2Fclass-talkwyn-admin.php&line=791
includes/admin/class-talkwyn-admin.php,1222,26,WARNING,PluginCheck.Security.DirectDB.UnescapedDBParameter,"Unescaped parameter $t[&#039;leads&#039;] used in $wpdb-&gt;get_results()",,5,https://talkwyn.com/wp-admin/plugin-editor.php?plugin=talkwyn%2Ftalkwyn.php&file=talkwyn%2Fincludes%2Fadmin%2Fclass-talkwyn-admin.php&line=1222
includes/admin/class-talkwyn-admin.php,1255,30,WARNING,PluginCheck.Security.DirectDB.UnescapedDBParameter,"Unescaped parameter $t[&#039;logs&#039;] used in $wpdb-&gt;get_results()",,5,https://talkwyn.com/wp-admin/plugin-editor.php?plugin=talkwyn%2Ftalkwyn.php&file=talkwyn%2Fincludes%2Fadmin%2Fclass-talkwyn-admin.php&line=1255
includes/admin/class-talkwyn-admin.php,1264,31,WARNING,PluginCheck.Security.DirectDB.UnescapedDBParameter,"Unescaped parameter $t[&#039;logs&#039;] used in $wpdb-&gt;get_results()",,5,https://talkwyn.com/wp-admin/plugin-editor.php?plugin=talkwyn%2Ftalkwyn.php&file=talkwyn%2Fincludes%2Fadmin%2Fclass-talkwyn-admin.php&line=1264
includes/admin/class-talkwyn-admin.php,1379,26,WARNING,PluginCheck.Security.DirectDB.UnescapedDBParameter,"Unescaped parameter $t[&#039;leads&#039;] used in $wpdb-&gt;get_results()",,5,https://talkwyn.com/wp-admin/plugin-editor.php?plugin=talkwyn%2Ftalkwyn.php&file=talkwyn%2Fincludes%2Fadmin%2Fclass-talkwyn-admin.php&line=1379
includes/admin/class-talkwyn-admin.php,1433,10,WARNING,PluginCheck.Security.DirectDB.UnescapedDBParameter,"Unescaped parameter $t[&#039;logs&#039;] used in $wpdb-&gt;query()",,5,https://talkwyn.com/wp-admin/plugin-editor.php?plugin=talkwyn%2Ftalkwyn.php&file=talkwyn%2Fincludes%2Fadmin%2Fclass-talkwyn-admin.php&line=1433
includes/class-talkwyn-indexer.php,94,17,ERROR,WordPressVIPMinimum.Performance.WPQueryParams.SuppressFilters_suppress_filters,"Setting `suppress_filters` to `true` is prohibited.",,5,https://talkwyn.com/wp-admin/plugin-editor.php?plugin=talkwyn%2Ftalkwyn.php&file=talkwyn%2Fincludes%2Fclass-talkwyn-indexer.php&line=94
includes/class-talkwyn-indexer.php,128,10,WARNING,PluginCheck.Security.DirectDB.UnescapedDBParameter,"Unescaped parameter $t[&#039;chunks&#039;] used in $wpdb-&gt;query()",,5,https://talkwyn.com/wp-admin/plugin-editor.php?plugin=talkwyn%2Ftalkwyn.php&file=talkwyn%2Fincludes%2Fclass-talkwyn-indexer.php&line=128
includes/class-talkwyn-indexer.php,141,23,WARNING,PluginCheck.Security.DirectDB.UnescapedDBParameter,"Unescaped parameter $t[&#039;chunks&#039;] used in $wpdb-&gt;get_var()",,5,https://talkwyn.com/wp-admin/plugin-editor.php?plugin=talkwyn%2Ftalkwyn.php&file=talkwyn%2Fincludes%2Fclass-talkwyn-indexer.php&line=141
includes/class-talkwyn-indexer.php,262,23,WARNING,PluginCheck.Security.DirectDB.UnescapedDBParameter,"Unescaped parameter $sql used in $wpdb-&gt;query()\n$sql assigned unsafely at line 260.",,5,https://talkwyn.com/wp-admin/plugin-editor.php?plugin=talkwyn%2Ftalkwyn.php&file=talkwyn%2Fincludes%2Fclass-talkwyn-indexer.php&line=262
includes/class-talkwyn-indexer.php,540,35,WARNING,WordPress.NamingConventions.PrefixAllGlobals.NonPrefixedHooknameFound,"Hook names invoked by a theme/plugin should start with the theme/plugin prefix. Found: &quot;wpml_post_language_details&quot;.",,6,https://talkwyn.com/wp-admin/plugin-editor.php?plugin=talkwyn%2Ftalkwyn.php&file=talkwyn%2Fincludes%2Fclass-talkwyn-indexer.php&line=540
readme.txt,0,0,ERROR,outdated_tested_upto_header,"Tested up to: 6.8 < 7.1. The ""Tested up to"" value in your plugin is not set to the current version of WordPress. This means your plugin will not show up in searches, as we require plugins to be compatible and documented as tested up to the most recent version of WordPress.",https://developer.wordpress.org/plugins/wordpress-org/how-your-readme-txt-works/#readme-header-information,7,https://talkwyn.com/wp-admin/plugin-editor.php?plugin=talkwyn%2Ftalkwyn.php&file=talkwyn%2Freadme.txt
readme.txt,0,0,WARNING,mismatched_plugin_name,"Plugin name ""Talkwyn: AI Chatbot, Lead Generation & Multilingual Support"" is different from the name declared in plugin header ""Talkwyn"".",https://developer.wordpress.org/plugins/wordpress-org/common-issues/#incomplete-readme,7,https://talkwyn.com/wp-admin/plugin-editor.php?plugin=talkwyn%2Ftalkwyn.php&file=talkwyn%2Freadme.txt
includes/class-talkwyn-leads.php,77,4,ERROR,PluginCheck.CodeAnalysis.Offloading.OffloadedContent,"Offloading images, js, css, and other scripts to your servers or any remote service is disallowed.",,5,https://talkwyn.com/wp-admin/plugin-editor.php?plugin=talkwyn%2Ftalkwyn.php&file=talkwyn%2Fincludes%2Fclass-talkwyn-leads.php&line=77
MIGRATION.md,0,0,WARNING,unexpected_markdown_file,"Unexpected markdown file ""MIGRATION.md"" detected in plugin root. Only specific markdown files are expected in production plugins.",,9,https://talkwyn.com/wp-admin/plugin-editor.php?plugin=talkwyn%2Ftalkwyn.php&file=talkwyn%2FMIGRATION.md
HOOKS.md,0,0,WARNING,unexpected_markdown_file,"Unexpected markdown file ""HOOKS.md"" detected in plugin root. Only specific markdown files are expected in production plugins.",,9,https://talkwyn.com/wp-admin/plugin-editor.php?plugin=talkwyn%2Ftalkwyn.php&file=talkwyn%2FHOOKS.md
includes/class-talkwyn-privacy.php,67,25,WARNING,PluginCheck.Security.DirectDB.UnescapedDBParameter,"Unescaped parameter $t[&#039;leads&#039;] used in $wpdb-&gt;get_results()",,5,https://talkwyn.com/wp-admin/plugin-editor.php?plugin=talkwyn%2Ftalkwyn.php&file=talkwyn%2Fincludes%2Fclass-talkwyn-privacy.php&line=67
includes/class-talkwyn-privacy.php,122,29,WARNING,PluginCheck.Security.DirectDB.UnescapedDBParameter,"Unescaped parameter $t[&#039;logs&#039;] used in $wpdb-&gt;get_results()",,5,https://talkwyn.com/wp-admin/plugin-editor.php?plugin=talkwyn%2Ftalkwyn.php&file=talkwyn%2Fincludes%2Fclass-talkwyn-privacy.php&line=122
includes/class-talkwyn-privacy.php,122,42,WARNING,WordPress.DB.PreparedSQLPlaceholders.ReplacementsWrongNumber,"Incorrect number of replacements passed to $wpdb-&gt;prepare(). Found 1 replacement parameters, expected 2.",,5,https://talkwyn.com/wp-admin/plugin-editor.php?plugin=talkwyn%2Ftalkwyn.php&file=talkwyn%2Fincludes%2Fclass-talkwyn-privacy.php&line=122
includes/class-talkwyn-retriever.php,68,22,WARNING,PluginCheck.Security.DirectDB.UnescapedDBParameter,"Unescaped parameter $t[&#039;chunks&#039;] used in $wpdb-&gt;get_results()\n$t[&#039;chunks&#039;] used without escaping.",,5,https://talkwyn.com/wp-admin/plugin-editor.php?plugin=talkwyn%2Ftalkwyn.php&file=talkwyn%2Fincludes%2Fclass-talkwyn-retriever.php&line=68
includes/class-talkwyn-retriever.php,72,1,WARNING,WordPress.DB.PreparedSQL.InterpolatedNotPrepared,"Use placeholders and $wpdb-&gt;prepare(); found interpolated variable {$t[&#039;chunks&#039;]} at \t\t\t\t\tFROM {$t[&#039;chunks&#039;]}\n",,5,https://talkwyn.com/wp-admin/plugin-editor.php?plugin=talkwyn%2Ftalkwyn.php&file=talkwyn%2Fincludes%2Fclass-talkwyn-retriever.php&line=72
includes/class-talkwyn-retriever.php,101,20,WARNING,PluginCheck.Security.DirectDB.UnescapedDBParameter,"Unescaped parameter $sql used in $wpdb-&gt;get_results()\n$sql assigned unsafely at line 99.",,5,https://talkwyn.com/wp-admin/plugin-editor.php?plugin=talkwyn%2Ftalkwyn.php&file=talkwyn%2Fincludes%2Fclass-talkwyn-retriever.php&line=101
includes/class-talkwyn-i18n.php,58,24,WARNING,WordPress.NamingConventions.PrefixAllGlobals.NonPrefixedHooknameFound,"Hook names invoked by a theme/plugin should start with the theme/plugin prefix. Found: &quot;wpml_register_single_string&quot;.",,6,https://talkwyn.com/wp-admin/plugin-editor.php?plugin=talkwyn%2Ftalkwyn.php&file=talkwyn%2Fincludes%2Fclass-talkwyn-i18n.php&line=58
includes/class-talkwyn-i18n.php,83,42,WARNING,WordPress.NamingConventions.PrefixAllGlobals.NonPrefixedHooknameFound,"Hook names invoked by a theme/plugin should start with the theme/plugin prefix. Found: &quot;wpml_translate_single_string&quot;.",,6,https://talkwyn.com/wp-admin/plugin-editor.php?plugin=talkwyn%2Ftalkwyn.php&file=talkwyn%2Fincludes%2Fclass-talkwyn-i18n.php&line=83
includes/class-talkwyn-db.php,154,20,WARNING,PluginCheck.Security.DirectDB.UnescapedDBParameter,"Unescaped parameter $t[&#039;chunks&#039;] used in $wpdb-&gt;get_var()",,5,https://talkwyn.com/wp-admin/plugin-editor.php?plugin=talkwyn%2Ftalkwyn.php&file=talkwyn%2Fincludes%2Fclass-talkwyn-db.php&line=154
includes/class-talkwyn-db.php,157,11,WARNING,PluginCheck.Security.DirectDB.UnescapedDBParameter,"Unescaped parameter $t[&#039;chunks&#039;] used in $wpdb-&gt;query()",,5,https://talkwyn.com/wp-admin/plugin-editor.php?plugin=talkwyn%2Ftalkwyn.php&file=talkwyn%2Fincludes%2Fclass-talkwyn-db.php&line=157
includes/class-talkwyn-db.php,159,21,WARNING,PluginCheck.Security.DirectDB.UnescapedDBParameter,"Unescaped parameter $t[&#039;chunks&#039;] used in $wpdb-&gt;get_var()",,5,https://talkwyn.com/wp-admin/plugin-editor.php?plugin=talkwyn%2Ftalkwyn.php&file=talkwyn%2Fincludes%2Fclass-talkwyn-db.php&line=159
includes/class-talkwyn-db.php,174,10,WARNING,PluginCheck.Security.DirectDB.UnescapedDBParameter,"Unescaped parameter $t[&#039;logs&#039;] used in $wpdb-&gt;query()",,5,https://talkwyn.com/wp-admin/plugin-editor.php?plugin=talkwyn%2Ftalkwyn.php&file=talkwyn%2Fincludes%2Fclass-talkwyn-db.php&line=174
includes/class-talkwyn-db.php,192,11,WARNING,PluginCheck.Security.DirectDB.UnescapedDBParameter,"Unescaped parameter $table used in $wpdb-&gt;query()",,5,https://talkwyn.com/wp-admin/plugin-editor.php?plugin=talkwyn%2Ftalkwyn.php&file=talkwyn%2Fincludes%2Fclass-talkwyn-db.php&line=192
includes/class-talkwyn-migration.php,148,21,WARNING,PluginCheck.Security.DirectDB.UnescapedDBParameter,"Unescaped parameter $new_t[ $key ] used in $wpdb-&gt;query()\n$list used without escaping.",,5,https://talkwyn.com/wp-admin/plugin-editor.php?plugin=talkwyn%2Ftalkwyn.php&file=talkwyn%2Fincludes%2Fclass-talkwyn-migration.php&line=148
includes/class-talkwyn-migration.php,227,11,WARNING,PluginCheck.Security.DirectDB.UnescapedDBParameter,"Unescaped parameter $table used in $wpdb-&gt;query()",,5,https://talkwyn.com/wp-admin/plugin-editor.php?plugin=talkwyn%2Ftalkwyn.php&file=talkwyn%2Fincludes%2Fclass-talkwyn-migration.php&line=227
